Workbook

Sheet Phase2rules_Theorectical
B1: LAS_sens_nonElderly | C1: LAS_spec_nonElderly | D1: MATTS_sens_nonElderly | E1: MATTS_spec_nonElderly | F1: WMAS_sens_nonElderly | G1: WMAS_spec_nonElderly | H1: YAS_sens_nonElderly | I1: YAS_spec_nonElderly | J1: SWAST_sens_nonElderly | K1: SWAST_spec_nonElderly | L1: LAS_sens_Elderly | M1: LAS_spec_Elderly | N1: MATTS_sens_Elderly | O1: MATTS_spec_Elderly | P1: WMAS_sens_Elderly | Q1: WMAS_spec_Elderly | R1: YAS_sens_Elderly | S1: YAS_spec_Elderly | T1: SWAST_sens_Elderly | U1: SWAST_spec_Elderly
A2: 1 | B2: 0.66836735 | C2: 0.83269231 | D2: 0.48979592 | E2: 0.92884615 | F2: 0.58163265 | G2: 0.86153846 | H2: 0.59183674 | I2: 0.83269231 | J2: 0.42602041 | K2: 0.93846154 | L2: 0.42977528 | M2: 0.88181818 | N2: 0.26123596 | O2: 0.96704546 | P2: 0.34831461 | Q2: 0.89659091 | R2: 0.41292135 | S2: 0.88181818 | T2: 0.23595506 | U2: 0.95795454
A3: 2 | B3: 0.67 | C3: 0.8515625 | D3: 0.44 | E3: 0.93554688 | F3: 0.6 | G3: 0.88085938 | H3: 0.5925 | I3: 0.8515625 | J3: 0.4 | K3: 0.93554688 | L3: 0.43523316 | M3: 0.86235294 | N3: 0.2746114 | O3: 0.96823529 | P3: 0.373057 | Q3: 0.87882353 | R3: 0.4119171 | S3: 0.86235294 | T3: 0.25906736 | U3: 0.96
A4: 3 | B4: 0.67676768 | C4: 0.81007752 | D4: 0.48737374 | E4: 0.9379845 | F4: 0.61363636 | G4: 0.85852713 | H4: 0.60606061 | I4: 0.81007752 | J4: 0.42424242 | K4: 0.93992248 | L4: 0.45658263 | M4: 0.90557452 | N4: 0.26610644 | O4: 0.97155859 | P4: 0.35294118 | Q4: 0.9112628 | R4: 0.44817927 | S4: 0.90557452 | T4: 0.23529412 | U4: 0.97155859
A5: 4 | B5: 0.70241287 | C5: 0.85714286 | D5: 0.48525469 | E5: 0.93877551 | F5: 0.63002681 | G5: 0.89053803 | H5: 0.63270777 | I5: 0.85714286 | J5: 0.43967828 | K5: 0.94434137 | L5: 0.43801653 | M5: 0.88659794 | N5: 0.27548209 | O5: 0.96792669 | P5: 0.37190083 | Q5: 0.89919817 | R5: 0.41597796 | S5: 0.88659794 | T5: 0.2369146 | U5: 0.96449026
A6: 5 | B6: 0.65803109 | C6: 0.84980989 | D6: 0.51813471 | E6: 0.93726236 | F6: 0.58549223 | G6: 0.8878327 | H6: 0.56735751 | I6: 0.84980989 | J6: 0.46373057 | K6: 0.94486692 | L6: 0.41469816 | M6: 0.87719298 | N6: 0.29133858 | O6: 0.97076023 | P6: 0.35433071 | Q6: 0.89824561 | R6: 0.4015748 | S6: 0.87719298 | T6: 0.23097113 | U6: 0.95204678
A7: 6 | B7: 0.67479675 | C7: 0.83609576 | D7: 0.49864499 | E7: 0.92449355 | F7: 0.59349593 | G7: 0.86187845 | H7: 0.61517615 | I7: 0.83609576 | J7: 0.39566396 | K7: 0.94475138 | L7: 0.39130435 | M7: 0.8640553 | N7: 0.2201087 | O7: 0.94930876 | P7: 0.33152174 | Q7: 0.88133641 | R7: 0.375 | S7: 0.8640553 | T7: 0.21467391 | U7: 0.93894009
A8: 7 | B8: 0.69047619 | C8: 0.84082397 | D8: 0.51851852 | E8: 0.92696629 | F8: 0.60582011 | G8: 0.87827715 | H8: 0.60582011 | I8: 0.84082397 | J8: 0.43915344 | K8: 0.93820225 | L8: 0.39393939 | M8: 0.88300221 | N8: 0.23636364 | O8: 0.96578366 | P8: 0.30606061 | Q8: 0.88631347 | R8: 0.37878788 | S8: 0.88300221 | T8: 0.20606061 | U8: 0.95143488
A9: 8 | B9: 0.66341463 | C9: 0.84661355 | D9: 0.4902439 | E9: 0.94023904 | F9: 0.54146341 | G9: 0.85258964 | H9: 0.60731707 | I9: 0.84661355 | J9: 0.39268293 | K9: 0.94023904 | L9: 0.51540616 | M9: 0.88054608 | N9: 0.30252101 | O9: 0.96928328 | P9: 0.42016807 | Q9: 0.8930603 | R9: 0.4929972 | S9: 0.88054608 | T9: 0.30532213 | U9: 0.96131968
A10: 9 | B10: 0.64675325 | C10: 0.84250474 | D10: 0.46753247 | E10: 0.93358634 | F10: 0.54805195 | G10: 0.87286527 | H10: 0.57922078 | I10: 0.84250474 | J10: 0.3974026 | K10: 0.9487666 | L10: 0.45906433 | M10: 0.8803132 | N10: 0.28362573 | O10: 0.96196868 | P10: 0.35380117 | Q10: 0.8803132 | R10: 0.43274854 | S10: 0.8803132 | T10: 0.26315789 | U10: 0.94854586
A11: 10 | B11: 0.69602273 | C11: 0.81607143 | D11: 0.52840909 | E11: 0.92321429 | F11: 0.58522727 | G11: 0.84821429 | H11: 0.61079545 | I11: 0.81607143 | J11: 0.44886364 | K11: 0.94285714 | L11: 0.42441861 | M11: 0.8867713 | N11: 0.27034884 | O11: 0.96636771 | P11: 0.35465116 | Q11: 0.91591928 | R11: 0.40116279 | S11: 0.8867713 | T11: 0.25581395 | U11: 0.95964126
A12: 11 | B12: 0.68421053 | C12: 0.82330827 | D12: 0.52105263 | E12: 0.91729323 | F12: 0.58157895 | G12: 0.85338346 | H12: 0.58157895 | I12: 0.82330827 | J12: 0.46578947 | K12: 0.93421053 | L12: 0.42690058 | M12: 0.87136465 | N12: 0.29824561 | O12: 0.96085011 | P12: 0.35087719 | Q12: 0.88478747 | R12: 0.41812866 | S12: 0.87136465 | T12: 0.25730994 | U12: 0.95190157
A13: 12 | B13: 0.68734491 | C13: 0.82907662 | D13: 0.49379653 | E13: 0.90766208 | F13: 0.57320099 | G13: 0.85265226 | H13: 0.63523573 | I13: 0.82907662 | J13: 0.44913151 | K13: 0.93320236 | L13: 0.36021505 | M13: 0.8912037 | N13: 0.25 | O13: 0.96875 | P13: 0.28763441 | Q13: 0.90856481 | R13: 0.34139785 | S13: 0.8912037 | T13: 0.23924731 | U13: 0.96296296
... A2002: 2001 | B2002: 0.67268041 | C2002: 0.84923664 | D2002: 0.47938144 | E2002: 0.9351145 | F2002: 0.57731959 | G2002: 0.86450382 | H2002: 0.58247423 | I2002: 0.84923664 | J2002: 0.42268041 | K2002: 0.94083969 | L2002: 0.41926346 | M2002: 0.8799547 | N2002: 0.26345609 | O2002: 0.97055493 | P2002: 0.35127479 | Q2002: 0.89014722 | R2002: 0.40226629 | S2002: 0.8799547 | T2002: 0.2407932 | U2002: 0.95016988

Sheet Sheet1
B2: Mean | C2: 95% CI Low | D2: 95% CI High
A3: LAS_sens_nonElderly | B3: {=TRANSPOSE(Phase2rules_Theorectical!B2:U2)} -> 0.66836735 | C3: =_xlfn.PERCENTILE.INC(Phase2rules_Theorectical!$B$3:$B$2002,0.025) -> 0.62113199 | D3: =_xlfn.PERCENTILE.INC(Phase2rules_Theorectical!$B$3:$B$2002,0.975) -> 0.71429506 | F3: =ROUND(B3,3)&" ("&ROUND(C3,3)&","&ROUND(D3,3)&")" -> 0.668 (0.621,0.714)
A4: LAS_spec_nonElderly | B4: 0.83269231 | C4: =_xlfn.PERCENTILE.INC(Phase2rules_Theorectical!$C$3:$C$2002,0.025) -> 0.8 | D4: =_xlfn.PERCENTILE.INC(Phase2rules_Theorectical!$C$3:$C$2002,0.975) -> 0.86475429 | F4: =ROUND(B4,3)&" ("&ROUND(C4,3)&","&ROUND(D4,3)&")" -> 0.833 (0.8,0.865)
A5: MATTS_sens_nonElderly | B5: 0.48979592 | C5: =_xlfn.PERCENTILE.INC(Phase2rules_Theorectical!$D$3:$D$2002,0.025) -> 0.43998301 | D5: =_xlfn.PERCENTILE.INC(Phase2rules_Theorectical!$D$3:$D$2002,0.975) -> 0.53827021 | F5: =ROUND(B5,3)&" ("&ROUND(C5,3)&","&ROUND(D5,3)&")" -> 0.49 (0.44,0.538)
A6: MATTS_spec_nonElderly | B6: 0.92884615 | C6: =_xlfn.PERCENTILE.INC(Phase2rules_Theorectical!$E$3:$E$2002,0.025) -> 0.90719596 | D6: =_xlfn.PERCENTILE.INC(Phase2rules_Theorectical!$E$3:$E$2002,0.975) -> 0.95019941 | F6: =ROUND(B6,3)&" ("&ROUND(C6,3)&","&ROUND(D6,3)&")" -> 0.929 (0.907,0.95)
A7: WMAS_sens_nonElderly | B7: 0.58163265 | C7: =_xlfn.PERCENTILE.INC(Phase2rules_Theorectical!$F$3:$F$2002,0.025) -> 0.53098379 | D7: =_xlfn.PERCENTILE.INC(Phase2rules_Theorectical!$F$3:$F$2002,0.975) -> 0.63105308 | F7: =ROUND(B7,3)&" ("&ROUND(C7,3)&","&ROUND(D7,3)&")" -> 0.582 (0.531,0.631)
A8: WMAS_spec_nonElderly | B8: 0.86153846 | C8: =_xlfn.PERCENTILE.INC(Phase2rules_Theorectical!$G$3:$G$2002,0.025) -> 0.83134346 | D8: =_xlfn.PERCENTILE.INC(Phase2rules_Theorectical!$G$3:$G$2002,0.975) -> 0.88998982 | F8: =ROUND(B8,3)&" ("&ROUND(C8,3)&","&ROUND(D8,3)&")" -> 0.862 (0.831,0.89)
A9: YAS_sens_nonElderly | B9: 0.59183674 | C9: =_xlfn.PERCENTILE.INC(Phase2rules_Theorectical!$H$3:$H$2002,0.025) -> 0.54452926 | D9: =_xlfn.PERCENTILE.INC(Phase2rules_Theorectical!$H$3:$H$2002,0.975) -> 0.63991655 | F9: =ROUND(B9,3)&" ("&ROUND(C9,3)&","&ROUND(D9,3)&")" -> 0.592 (0.545,0.64)
A10: YAS_spec_nonElderly | B10: 0.83269231 | C10: =_xlfn.PERCENTILE.INC(Phase2rules_Theorectical!$I$3:$I$2002,0.025) -> 0.8 | D10: =_xlfn.PERCENTILE.INC(Phase2rules_Theorectical!$I$3:$I$2002,0.975) -> 0.86475429 | F10: =ROUND(B10,3)&" ("&ROUND(C10,3)&","&ROUND(D10,3)&")" -> 0.833 (0.8,0.865)
A11: SWAST_sens_nonElderly | B11: 0.42602041 | C11: =_xlfn.PERCENTILE.INC(Phase2rules_Theorectical!$J$3:$J$2002,0.025) -> 0.37843882 | D11: =_xlfn.PERCENTILE.INC(Phase2rules_Theorectical!$J$3:$J$2002,0.975) -> 0.4759481 | F11: =ROUND(B11,3)&" ("&ROUND(C11,3)&","&ROUND(D11,3)&")" -> 0.426 (0.378,0.476)
A12: SWAST_spec_nonElderly | B12: 0.93846154 | C12: =_xlfn.PERCENTILE.INC(Phase2rules_Theorectical!$K$3:$K$2002,0.025) -> 0.91809368 | D12: =_xlfn.PERCENTILE.INC(Phase2rules_Theorectical!$K$3:$K$2002,0.975) -> 0.95833333 | F12: =ROUND(B12,3)&" ("&ROUND(C12,3)&","&ROUND(D12,3)&")" -> 0.938 (0.918,0.958)
A13: LAS_sens_Elderly | B13: 0.42977528 | C13: =_xlfn.PERCENTILE.INC(Phase2rules_Theorectical!$L$3:$L$2002,0.025) -> 0.37534228 | D13: =_xlfn.PERCENTILE.INC(Phase2rules_Theorectical!$L$3:$L$2002,0.975) -> 0.48021698 | F13: =ROUND(B13,3)&" ("&ROUND(C13,3)&","&ROUND(D13,3)&")" -> 0.43 (0.375,0.48)
A14: LAS_spec_Elderly | B14: 0.88181818 | C14: =_xlfn.PERCENTILE.INC(Phase2rules_Theorectical!$M$3:$M$2002,0.025) -> 0.85974812 | D14: =_xlfn.PERCENTILE.INC(Phase2rules_Theorectical!$M$3:$M$2002,0.975) -> 0.90210075 | F14: =ROUND(B14,3)&" ("&ROUND(C14,3)&","&ROUND(D14,3)&")" -> 0.882 (0.86,0.902)
A15: MATTS_sens_Elderly | B15: 0.26123596 | C15: =_xlfn.PERCENTILE.INC(Phase2rules_Theorectical!$N$3:$N$2002,0.025) -> 0.21546262 | D15: =_xlfn.PERCENTILE.INC(Phase2rules_Theorectical!$N$3:$N$2002,0.975) -> 0.30448061 | F15: =ROUND(B15,3)&" ("&ROUND(C15,3)&","&ROUND(D15,3)&")" -> 0.261 (0.215,0.304)
A16: MATTS_spec_Elderly | B16: 0.96704546 | C16: =_xlfn.PERCENTILE.INC(Phase2rules_Theorectical!$O$3:$O$2002,0.025) -> 0.95565858 | D16: =_xlfn.PERCENTILE.INC(Phase2rules_Theorectical!$O$3:$O$2002,0.975) -> 0.97821163 | F16: =ROUND(B16,3)&" ("&ROUND(C16,3)&","&ROUND(D16,3)&")" -> 0.967 (0.956,0.978)
A17: WMAS_sens_Elderly | B17: 0.34831461 | C17: =_xlfn.PERCENTILE.INC(Phase2rules_Theorectical!$P$3:$P$2002,0.025) -> 0.29722024 | D17: =_xlfn.PERCENTILE.INC(Phase2rules_Theorectical!$P$3:$P$2002,0.975) -> 0.39832926 | F17: =ROUND(B17,3)&" ("&ROUND(C17,3)&","&ROUND(D17,3)&")" -> 0.348 (0.297,0.398)
A18: WMAS_spec_Elderly | B18: 0.89659091 | C18: =_xlfn.PERCENTILE.INC(Phase2rules_Theorectical!$Q$3:$Q$2002,0.025) -> 0.87631182 | D18: =_xlfn.PERCENTILE.INC(Phase2rules_Theorectical!$Q$3:$Q$2002,0.975) -> 0.9162792 | F18: =ROUND(B18,3)&" ("&ROUND(C18,3)&","&ROUND(D18,3)&")" -> 0.897 (0.876,0.916)
A19: YAS_sens_Elderly | B19: 0.41292135 | C19: =_xlfn.PERCENTILE.INC(Phase2rules_Theorectical!$R$3:$R$2002,0.025) -> 0.36075566 | D19: =_xlfn.PERCENTILE.INC(Phase2rules_Theorectical!$R$3:$R$2002,0.975) -> 0.46438746 | F19: =ROUND(B19,3)&" ("&ROUND(C19,3)&","&ROUND(D19,3)&")" -> 0.413 (0.361,0.464)
A20: YAS_spec_Elderly | B20: 0.88181818 | C20: =_xlfn.PERCENTILE.INC(Phase2rules_Theorectical!$S$3:$S$2002,0.025) -> 0.85974812 | D20: =_xlfn.PERCENTILE.INC(Phase2rules_Theorectical!$S$3:$S$2002,0.975) -> 0.90210075 | F20: =ROUND(B20,3)&" ("&ROUND(C20,3)&","&ROUND(D20,3)&")" -> 0.882 (0.86,0.902)
A21: SWAST_sens_Elderly | B21: 0.23595506 | C21: =_xlfn.PERCENTILE.INC(Phase2rules_Theorectical!$T$3:$T$2002,0.025) -> 0.19104319 | D21: =_xlfn.PERCENTILE.INC(Phase2rules_Theorectical!$T$3:$T$2002,0.975) -> 0.27934917 | F21: =ROUND(B21,3)&" ("&ROUND(C21,3)&","&ROUND(D21,3)&")" -> 0.236 (0.191,0.279)
A22: SWAST_spec_Elderly | B22: 0.95795454 | C22: =_xlfn.PERCENTILE.INC(Phase2rules_Theorectical!$U$3:$U$2002,0.025) -> 0.94424938 | D22: =_xlfn.PERCENTILE.INC(Phase2rules_Theorectical!$U$3:$U$2002,0.975) -> 0.97127138 | F22: =ROUND(B22,3)&" ("&ROUND(C22,3)&","&ROUND(D22,3)&")" -> 0.958 (0.944,0.971)
